<?xml version="1.0" encoding="UTF-8"?>
<!DOCTYPE fontscolors
PUBLIC "-//NetBeans//DTD Editor Fonts and Colors settings 1.1//EN"
       "http://www.netbeans.org/dtds/EditorFontsColors-1_1.dtd">
<fontscolors>
 <fontcolor name="mod-class" default="default" foreColor="ffFAC863">
  <font name="Source Code Pro" size="13" style="bold"/>
 </fontcolor>
 <fontcolor name="comment" default="comment"/>
 <fontcolor name="phpdockeyword" default="comment"/>
 <fontcolor name="mod-field" default="field"/>
 <fontcolor name="heredocdelimiter" default="default" foreColor="ff65737e"/>
 <fontcolor name="htmltag" default="comment" foreColor="ffEB606B">
  <font style="bold"/>
 </fontcolor>
 <fontcolor name="identifier" default="identifier"/>
 <fontcolor name="keyword" default="keyword"/>
 <fontcolor name="constant" default="default" foreColor="ffF2777A">
  <font name="Source Code Pro" size="13" style="bold+italic"/>
 </fontcolor>
 <fontcolor name="mod-method" default="default" foreColor="ffD8DEE9">
  <font name="Source Code Pro" size="13" style="bold+italic"/>
 </fontcolor>
 <fontcolor name="number" default="number" foreColor="ffF99157"/>
 <fontcolor name="phpopenclose" default="default">
  <font name="Source Code Pro" size="13" style="italic"/>
 </fontcolor>
 <fontcolor name="operator" default="operator"/>
 <fontcolor name="PHP_STRING" default="identifier"/>
 <fontcolor name="separator" default="separator" foreColor="ff5FB3B3"/>
 <fontcolor name="mod-static" default="default">
  <font name="Source Code Pro" size="13" style="italic"/>
 </fontcolor>
 <fontcolor name="string" default="string"/>
 <fontcolor name="PHP_VARIABLE" default="default" foreColor="ffCDD3DE"/>
 <fontcolor name="mark-occurrences" default="default" foreColor="ff1B2B34" bgColor="ffFAC863"/>
</fontscolors>
